yorum,puan,product_id,product_name,source_url,cleaned_yorum,insight_category,patterns_context
"YaklaÅŸÄ±k bir haftadÄ±r kullanÄ±yorum. ÃœrÃ¼n kenarlarÄ±nda minik Ã§izikler vardÄ± ama Ã§ok da dert etmedim aÃ§Ä±kÃ§asÄ± gÃ¶ze batacak cinsten deÄŸiller. Biraz sesli Ã§alÄ±ÅŸÄ±yor, alÄ±rken yorumlarda dikkat etmemiÅŸim gÃ¶rsem muhakkak gÃ¶z Ã¶nÃ¼nde bulundururdum. AyrÄ±ca dÄ±ÅŸarÄ± koku da veriyor bilmiyorum belki hepsi Ã¶yledir ama pek azÄ±msanacak bir koku da deÄŸil. Onun dÄ±ÅŸÄ±nda fiyat performans denebilecek bir Ã¼rÃ¼n. Daha kÃ¼Ã§Ã¼ÄŸÃ¼ kesinlikle kullanÄ±ÅŸlÄ± olmazmÄ±ÅŸ bu boy oldukÃ§a ideal. Ã‡ok lazÄ±m mÄ± derseniz aÃ§Ä±kÃ§asÄ± ben balÄ±k ve patates iÃ§in almÄ±ÅŸtÄ±m. Benim iÅŸimi gÃ¶rÃ¼yor uzun uzun fÄ±rÄ±n Ä±sÄ±tma derdi de yok Ã§ok hÄ±zlÄ± bir ÅŸekilde yemeÄŸiniz hazÄ±r. Kargo hÄ±zlÄ±ydÄ± ama sÄ±rf bu yÃ¼zden fazladan yÄ±ldÄ±z vermek bana pek mantÄ±klÄ± gelmediÄŸi iÃ§in sadece Ã¼rÃ¼nÃ¼ deÄŸerlendiriyorum. Bu arada paketleme konusunda da Ã§ok bir beklentiniz olmasÄ±n kendi kutusunda Ã¶ylece gÃ¶nderiyorlar kargo gÃ¶revlisinin insafÄ±na artÄ±k.",4,HBC00007R1ARZ,XiaomiMi Air Fryer 6L FritÃ¶z - Siyah SÄ±cak Hava FritÃ¶zÃ¼ PiÅŸirme Buz Ã‡Ã¶zme Fermantasyon Dokunmatik,https://www.hepsiburada.com/xiaomi-mi-air-fryer-6l-fritoz-siyah-sicak-hava-fritozu-pisirme-buz-cozme-fermantasyon-dokunmatik-pm-HBC00007R1ARZ,yaklaÅŸÄ±k haftadÄ±r kullanÄ±yorum Ã¼rÃ¼n kenarlarÄ±nda minik Ã§izikler vardÄ± ama Ã§ok dert etmedim aÃ§Ä±kÃ§asÄ± gÃ¶ze batacak cinsten deÄŸiller biraz sesli Ã§alÄ±ÅŸÄ±yor alÄ±rken yorumlarda dikkat etmemiÅŸim gÃ¶rsem muhakkak gÃ¶z Ã¶nÃ¼nde bulundururdum ayrÄ±ca dÄ±ÅŸarÄ± koku veriyor bilmiyorum belki hepsi Ã¶yledir ama pek azÄ±msanacak koku deÄŸil onun dÄ±ÅŸÄ±nda fiyat performans denebilecek Ã¼rÃ¼n daha kÃ¼Ã§Ã¼ÄŸÃ¼ kesinlikle kullanÄ±ÅŸlÄ± olmazmÄ±ÅŸ boy oldukÃ§a ideal Ã§ok lazÄ±m derseniz aÃ§Ä±kÃ§asÄ± balÄ±k patates almÄ±ÅŸtÄ±m benim iÅŸimi gÃ¶rÃ¼yor uzun uzun fÄ±rÄ±n Ä±sÄ±tma derdi yok Ã§ok hÄ±zlÄ± ÅŸekilde yemeÄŸiniz hazÄ±r kargo hÄ±zlÄ±ydÄ± ama sÄ±rf yÃ¼zden fazladan yÄ±ldÄ±z vermek bana pek mantÄ±klÄ± gelmediÄŸi sadece Ã¼rÃ¼nÃ¼ deÄŸerlendiriyorum arada paketleme konusunda Ã§ok beklentiniz olmasÄ±n kendi kutusunda Ã¶ylece gÃ¶nderiyorlar kargo gÃ¶revlisinin insafÄ±na artÄ±k,Hizmet/SatÄ±cÄ± Memnuniyeti | DoÄŸrudan Memnuniyetsizlik / Ä°ade,
"Asla tavsiye etmem, eÄŸer kendi paranÄ±zla kendinize dert yaratmak istiyorsanÄ±z bu cihazÄ± alÄ±rsÄ±nÄ±z. ÃœrÃ¼nÃ¼ birkaÃ§ ay kullandÄ±ktan sonra rezistans kÄ±smÄ± paslandÄ±. SatÄ±cÄ±yÄ± aradÄ±m yardÄ±mcÄ± olmadÄ± teknik servise yÃ¶nlendirdi. Teknik servise gÃ¼nler sonra ulaÅŸabildim ve Ã¼rÃ¼nÃ¼ gÃ¶nderdim. GÃ¶ndermez olaydÄ±m. ÃœrÃ¼nÃ¼mÃ¼ kÄ±rdÄ±lar kÄ±rdÄ±klarÄ± iÃ§in garantiye girmez diye bahane uydurdular ben kabuk etmeyince bu defa kullanÄ±cÄ± hatasÄ± diyip benden para istediler. Tek amaÃ§larÄ± sadece para koparmak...tam iki ay boyunca cihazÄ±mÄ± onlardan almaya Ã§alÄ±ÅŸtÄ±m...yaÅŸadÄ±ÄŸÄ±m stresi tahmin edemem. AklÄ± olan bu cihazÄ± almaz ve kendine dert yaratmaz",1,HBC00007R1ARZ,XiaomiMi Air Fryer 6L FritÃ¶z - Siyah SÄ±cak Hava FritÃ¶zÃ¼ PiÅŸirme Buz Ã‡Ã¶zme Fermantasyon Dokunmatik,https://www.hepsiburada.com/xiaomi-mi-air-fryer-6l-fritoz-siyah-sicak-hava-fritozu-pisirme-buz-cozme-fermantasyon-dokunmatik-pm-HBC00007R1ARZ,asla tavsiye etmem eÄŸer kendi paranÄ±zla kendinize dert yaratmak istiyorsanÄ±z cihazÄ± alÄ±rsÄ±nÄ±z Ã¼rÃ¼nÃ¼ birkaÃ§ ay kullandÄ±ktan sonra rezistans kÄ±smÄ± paslandÄ± satÄ±cÄ±yÄ± aradÄ±m yardÄ±mcÄ± olmadÄ± teknik servise yÃ¶nlendirdi teknik servise gÃ¼nler sonra ulaÅŸabildim Ã¼rÃ¼nÃ¼ gÃ¶nderdim gÃ¶ndermez olaydÄ±m Ã¼rÃ¼nÃ¼mÃ¼ kÄ±rdÄ±lar kÄ±rdÄ±klarÄ± garantiye girmez diye bahane uydurdular kabuk etmeyince defa kullanÄ±cÄ± hatasÄ± diyip benden para istediler tek amaÃ§larÄ± sadece para koparmak tam iki ay boyunca cihazÄ±mÄ± onlardan almaya Ã§alÄ±ÅŸtÄ±m yaÅŸadÄ±ÄŸÄ±m stresi tahmin edemem aklÄ± olan cihazÄ± almaz kendine dert yaratmaz,Hizmet/Paketleme Åikayeti | DoÄŸrudan Memnuniyetsizlik / Ä°ade,
"ÃœrÃ¼nle patates, tavuk ve sebze gibi Ã¼rÃ¼nleri denedim. Sebze ve patatesi ya Ã§iÄŸ bÄ±rakÄ±yor ya da yakÄ±yor. AyrÄ±ca bence bu Ã¼rÃ¼n Xiaomi Ã¼retimi deÄŸil Ã§Ã¼nkÃ¼ akÄ±llÄ± telefon desteÄŸi yok ve 4 litrelik Xiaomi Pro modeli ile arasÄ±nda Ã§ok fazla kalite farkÄ± var. 4 litrelik model bu modelden Ã§ok daha fazla kaliteli. 4 litre olanda Ã§ok fazla mod var ve malzeme kalitesi Ã§ok daha iyi ayrÄ±ca onda Ä±zgara da var bunda yok. Bu urunu aldÄ±ÄŸÄ±ma Ã§ok piÅŸman oldum. ÃœrÃ¼n zaten genel olarak yetersiz bir Ã¼rÃ¼n. Ã‡oÄŸu Ã¼rÃ¼nÃ¼ ya yakÄ±yor ya da Ã§iÄŸ bÄ±rakÄ±yor. Ä°lla bir airfryer alacaÄŸÄ±m diyorsanÄ±z da Xiaomi nin 4 litrelik Pro modelini alÄ±n. Bu Ã¼rÃ¼n bence Xiaomi deÄŸil baÅŸka firma Ã¼retmiÅŸ sadece Xiaomi ismi yapÄ±ÅŸtÄ±rÄ±lmÄ±ÅŸ gibi bir duruÅŸu var. AyrÄ±ca Ã¼rÃ¼nÃ¼ Hepsiburada satÄ±cÄ±lÄ± olarak aldÄ±m. Ã–zellikle de sordum distribÃ¼tÃ¶r garantili midir diye. Fakat Ã¼rÃ¼n distribÃ¼tÃ¶r garantili Ã§Ä±kmadÄ±. Delta servis garantili Ã§Ä±ktÄ± ve Ã¼rÃ¼nÃ¼ bir medikal firmasÄ± ithal etmiÅŸ olarak gÃ¶rÃ¼nÃ¼yor. SonuÃ§ olarak Ã¼rÃ¼nden de satÄ±cÄ±dan da memnun kalmadÄ±m. Ä°mkanÄ±m olsa 4 litre modeli ile deÄŸiÅŸirdim veya komple iade ederdim. KeÅŸke Hepsiburada bu yorumu gÃ¶rse de kullanÄ±lmÄ±ÅŸ bile olsa bu Ã¼rÃ¼nÃ¼ benden iade alsa. Ama tabi bu bir hayal. Herkese iyi gÃ¼nler",3,HBC00007R1ARZ,XiaomiMi Air Fryer 6L FritÃ¶z - Siyah SÄ±cak Hava FritÃ¶zÃ¼ PiÅŸirme Buz Ã‡Ã¶zme Fermantasyon Dokunmatik,https://www.hepsiburada.com/xiaomi-mi-air-fryer-6l-fritoz-siyah-sicak-hava-fritozu-pisirme-buz-cozme-fermantasyon-dokunmatik-pm-HBC00007R1ARZ,Ã¼rÃ¼nle patates tavuk sebze Ã¼rÃ¼nleri denedim sebze patatesi ya Ã§iÄŸ bÄ±rakÄ±yor ya yakÄ±yor ayrÄ±ca bence Ã¼rÃ¼n xiaomi Ã¼retimi deÄŸil Ã§Ã¼nkÃ¼ akÄ±llÄ± telefon desteÄŸi yok litrelik xiaomi pro modeli arasÄ±nda Ã§ok fazla kalite farkÄ± var litrelik model modelden Ã§ok daha fazla kaliteli litre olanda Ã§ok fazla mod var malzeme kalitesi Ã§ok daha iyi ayrÄ±ca onda Ä±zgara var bunda yok urunu aldÄ±ÄŸÄ±ma Ã§ok piÅŸman oldum Ã¼rÃ¼n zaten genel olarak yetersiz Ã¼rÃ¼n Ã§oÄŸu Ã¼rÃ¼nÃ¼ ya yakÄ±yor ya Ã§iÄŸ bÄ±rakÄ±yor illa airfryer alacaÄŸÄ±m diyorsanÄ±z xiaomi nin litrelik pro modelini alÄ±n Ã¼rÃ¼n bence xiaomi deÄŸil baÅŸka firma Ã¼retmiÅŸ sadece xiaomi ismi yapÄ±ÅŸtÄ±rÄ±lmÄ±ÅŸ duruÅŸu var ayrÄ±ca Ã¼rÃ¼nÃ¼ hepsiburada satÄ±cÄ±lÄ± olarak aldÄ±m Ã¶zellikle sordum distribÃ¼tÃ¶r garantili midir diye fakat Ã¼rÃ¼n distribÃ¼tÃ¶r garantili Ã§Ä±kmadÄ± delta servis garantili Ã§Ä±ktÄ± Ã¼rÃ¼nÃ¼ medikal firmasÄ± ithal etmiÅŸ olarak gÃ¶rÃ¼nÃ¼yor sonuÃ§ olarak Ã¼rÃ¼nden satÄ±cÄ±dan memnun kalmadÄ±m imkanÄ±m olsa litre modeli deÄŸiÅŸirdim veya komple iade ederdim keÅŸke hepsiburada yorumu gÃ¶rse kullanÄ±lmÄ±ÅŸ bile olsa Ã¼rÃ¼nÃ¼ benden iade alsa ama tabi hayal herkese iyi gÃ¼nler,Negatif: Performans YetersizliÄŸi | Hizmet/Paketleme Åikayeti | DoÄŸrudan Memnuniyetsizlik / Ä°ade,[DAHA IYI]: mod var malzeme kalitesi Ã§ok daha iyi ayrÄ±ca onda Ä±zgara var bunda
Ã–ncelikle 3.5L olanÄ± kullanÄ±yorduk misafir gelince yetersiz olduÄŸunu dÃ¼ÅŸÃ¼ndÃ¼k o sÄ±rada 6L Ã§Ä±ktÄ± hemen aldÄ±k piÅŸirmesinden gayet memnunduk fakat 6L de patates sebze vs zeminine yapÄ±ÅŸÄ±yor ve ayÄ±rÄ±rken zarar veriyorsunuz mi maÄŸazasÄ±na gittik durumu anlattÄ±k yaÄŸlÄ± kaÄŸÄ±t kullanÄ±n dediler kullandÄ±k bu seferde patates piÅŸmiyor ne atarsanÄ±z atÄ±n hava akÄ±ÅŸÄ± dÃ¼zgÃ¼n saÄŸlanmadÄ±ÄŸÄ±nda bir dilim patatesin bir kÄ±smÄ± yanmÄ±ÅŸ bir kÄ±smÄ± Ã§iÄŸ kalÄ±yor ve Ã§ok uzun sÃ¼re Ã§alÄ±ÅŸtÄ±rmak zorunda kalÄ±yorsunuz Mi maÄŸazasÄ±na gittik tekrar anlattÄ±k bu piÅŸmiyo dedik 3.5 L de de yapÄ±ÅŸÄ±yo almasaydÄ±nÄ±z gibi sert bir tavÄ±r takÄ±ndÄ±lar Ã§ok ilginÃ§ 3.5 L de en ufak yapÄ±ÅŸma olmuyordu bunda oldu piÅŸmanÄ±m iade edeceÄŸim,2,HBC00007R1ARZ,XiaomiMi Air Fryer 6L FritÃ¶z - Siyah SÄ±cak Hava FritÃ¶zÃ¼ PiÅŸirme Buz Ã‡Ã¶zme Fermantasyon Dokunmatik,https://www.hepsiburada.com/xiaomi-mi-air-fryer-6l-fritoz-siyah-sicak-hava-fritozu-pisirme-buz-cozme-fermantasyon-dokunmatik-pm-HBC00007R1ARZ,Ã¶ncelikle l olanÄ± kullanÄ±yorduk misafir gelince yetersiz olduÄŸunu dÃ¼ÅŸÃ¼ndÃ¼k sÄ±rada l Ã§Ä±ktÄ± hemen aldÄ±k piÅŸirmesinden gayet memnunduk fakat l patates sebze vs zeminine yapÄ±ÅŸÄ±yor ayÄ±rÄ±rken zarar veriyorsunuz maÄŸazasÄ±na gittik durumu anlattÄ±k yaÄŸlÄ± kaÄŸÄ±t kullanÄ±n dediler kullandÄ±k seferde patates piÅŸmiyor ne atarsanÄ±z atÄ±n hava akÄ±ÅŸÄ± dÃ¼zgÃ¼n saÄŸlanmadÄ±ÄŸÄ±nda dilim patatesin kÄ±smÄ± yanmÄ±ÅŸ kÄ±smÄ± Ã§iÄŸ kalÄ±yor Ã§ok uzun sÃ¼re Ã§alÄ±ÅŸtÄ±rmak zorunda kalÄ±yorsunuz maÄŸazasÄ±na gittik tekrar anlattÄ±k piÅŸmiyo dedik l yapÄ±ÅŸÄ±yo almasaydÄ±nÄ±z sert tavÄ±r takÄ±ndÄ±lar Ã§ok ilginÃ§ l ufak yapÄ±ÅŸma olmuyordu bunda oldu piÅŸmanÄ±m iade edeceÄŸim,DoÄŸrudan Memnuniyetsizlik / Ä°ade,
"Merhaba, yorumlarÄ± okuyup aldÄ±m.   Ã§oÄŸunluk gÃ¼zel olduÄŸunu iddia etmiÅŸ fakat ben Ã§ok kullanÄ±ÅŸlÄ± bulup beÄŸenemedim. fÄ±rÄ±ndan 5 dk daha erken piÅŸiriyor tek arÄ±sÄ± 5 dk :)
patates kÄ±zartmasÄ± ayarÄ±nda patatesler piÅŸmiyor +10 dk daha piÅŸirmek gerekiyor, toplam 30 dk da 1 avuÃ§ patates kÄ±zarttÄ±ktan sonra airfryer a gerek yok. patatesi  fÄ±rÄ±nda veya tavada da kÄ±zartÄ±rÄ±m, ayrÄ±ca patatesler Ã§ok lezzetsiz oldu,  tadÄ±nÄ± hiÃ§ beÄŸenmedik. patates dÄ±ÅŸÄ±nda piÅŸirmiÅŸ olduÄŸum   kÃ¶fte ve tavuk kanat, mantar  lezzetli oldu  ama bunlarÄ± fÄ±rÄ±nda da yapabiliyorum. zamandan 5 dk tasarruf etmek iÃ§in tezgahÄ±mda yer kaplayan  kocaman bir ÅŸeye 3900 tl para vermeye hiÃ§ gerek yokmuÅŸ.  onun yerine keÅŸke  kahve makinasÄ±  alsaymÄ±ÅŸÄ±m.",3,HBC00007R1ARZ,XiaomiMi Air Fryer 6L FritÃ¶z - Siyah SÄ±cak Hava FritÃ¶zÃ¼ PiÅŸirme Buz Ã‡Ã¶zme Fermantasyon Dokunmatik,https://www.hepsiburada.com/xiaomi-mi-air-fryer-6l-fritoz-siyah-sicak-hava-fritozu-pisirme-buz-cozme-fermantasyon-dokunmatik-pm-HBC00007R1ARZ,merhaba yorumlarÄ± okuyup aldÄ±m Ã§oÄŸunluk gÃ¼zel olduÄŸunu iddia etmiÅŸ fakat Ã§ok kullanÄ±ÅŸlÄ± bulup beÄŸenemedim fÄ±rÄ±ndan dk daha erken piÅŸiriyor tek arÄ±sÄ± dk patates kÄ±zartmasÄ± ayarÄ±nda patatesler piÅŸmiyor dk daha piÅŸirmek gerekiyor toplam dk avuÃ§ patates kÄ±zarttÄ±ktan sonra airfryer a gerek yok patatesi fÄ±rÄ±nda veya tavada kÄ±zartÄ±rÄ±m ayrÄ±ca patatesler Ã§ok lezzetsiz oldu tadÄ±nÄ± hiÃ§ beÄŸenmedik patates dÄ±ÅŸÄ±nda piÅŸirmiÅŸ olduÄŸum kÃ¶fte tavuk kanat mantar lezzetli oldu ama bunlarÄ± fÄ±rÄ±nda yapabiliyorum zamandan dk tasarruf etmek tezgahÄ±mda yer kaplayan kocaman ÅŸeye tl para vermeye hiÃ§ gerek yokmuÅŸ onun yerine keÅŸke kahve makinasÄ± alsaymÄ±ÅŸÄ±m,Negatif: ÃœrÃ¼n GereksizliÄŸi | DoÄŸrudan Memnuniyetsizlik / Ä°ade,[GEREK YOK]: patates kÄ±zarttÄ±ktan sonra airfryer a gerek yok patatesi fÄ±rÄ±nda veya tavada kÄ±zartÄ±rÄ±m
Keki piÅŸirmiyor. Ãœstelik kendi kek  ayarÄ±nda olmasÄ±na raÄŸmen Ã¼stÃ¼ yanÄ±k iÃ§i sÄ±vÄ± ÅŸekilde kalÄ±yor. Ä°ki defa denedim. Kesinlikle tavsiye etmiyorum.,1,HBC00007R1ARZ,XiaomiMi Air Fryer 6L FritÃ¶z - Siyah SÄ±cak Hava FritÃ¶zÃ¼ PiÅŸirme Buz Ã‡Ã¶zme Fermantasyon Dokunmatik,https://www.hepsiburada.com/xiaomi-mi-air-fryer-6l-fritoz-siyah-sicak-hava-fritozu-pisirme-buz-cozme-fermantasyon-dokunmatik-pm-HBC00007R1ARZ,keki piÅŸirmiyor Ã¼stelik kendi kek ayarÄ±nda olmasÄ±na raÄŸmen Ã¼stÃ¼ yanÄ±k iÃ§i sÄ±vÄ± ÅŸekilde kalÄ±yor iki defa denedim kesinlikle tavsiye etmiyorum,DoÄŸrudan Memnuniyetsizlik / Ä°ade,
HiÃ§ beÄŸenmedim pÄ±ÅŸirme sÃ¼resi cok uzun altÄ± piÅŸmiyor,1,Bilinmiyor,"NeutronSmart Air Fryer Pro 7,3 L Tek Hazneli YaÄŸsÄ±z FritÃ¶z â€“ Ã‡Ä±karÄ±labilir KapaklÄ±, Enerji Tasarruflu ve Kolay Temizlenir",https://www.hepsiburada.com/neutron-smart-air-fryer-pro-7-3-l-tek-hazneli-yagsiz-fritoz-cikarilabilir-kapakli-enerji-tasarruflu-ve-kolay-temizlenir-p-HBCV000049EHA2?magaza=Whirtz%20T%C3%BCrkiye,hiÃ§ beÄŸenmedim pÄ±ÅŸirme sÃ¼resi cok uzun altÄ± piÅŸmiyor,DoÄŸrudan Memnuniyetsizlik / Ä°ade,
"ÃœrÃ¼nÃ¼ olumlu yorumlara gÃ¼venerek aldÄ±m ve hiÃ§ bir yorumda eksik parÃ§a sorunu belirtilmemiÅŸ olmamasÄ±na raÄŸmen bana gelen kutuda Aparat Ã§Ä±karÄ±cÄ± kutu iÃ§erisinden Ã§Ä±kmadÄ± satÄ±cÄ±ya sordum.olumsuz cevaÄŸ verdi.HB mÃ¼ÅŸter,s,n, korumak adÄ±na iade talebimi oluÅŸturdu ve iade ettim.Ã‡ok beÄŸenerek almÄ±ÅŸtÄ±m ancak kullanma imkanÄ±m olmadÄ±.",1,Bilinmiyor,"Wiami12L YaÄŸsÄ±z Hava FritÃ¶zÃ¼ â€“ Tek Hazneli, LED EkranlÄ±, Mekanik KontrollÃ¼ SaÄŸlÄ±klÄ± ve Pratik PiÅŸirme CihazÄ±",https://www.hepsiburada.com/wiami-12l-yagsiz-hava-fritozu-tek-hazneli-led-ekranli-mekanik-kontrollu-saglikli-ve-pratik-pisirme-cihazi-p-HBCV00003MS94G?magaza=MarkaDepo,Ã¼rÃ¼nÃ¼ olumlu yorumlara gÃ¼venerek aldÄ±m hiÃ§ yorumda eksik parÃ§a sorunu belirtilmemiÅŸ olmamasÄ±na raÄŸmen bana gelen kutuda aparat Ã§Ä±karÄ±cÄ± kutu iÃ§erisinden Ã§Ä±kmadÄ± satÄ±cÄ±ya sordum olumsuz cevaÄŸ verdi hb mÃ¼ÅŸter s n korumak adÄ±na iade talebimi oluÅŸturdu iade ettim Ã§ok beÄŸenerek almÄ±ÅŸtÄ±m ancak kullanma imkanÄ±m olmadÄ±,Hizmet/Paketleme Åikayeti | DoÄŸrudan Memnuniyetsizlik / Ä°ade,
"Ã‡alÄ±ÅŸÄ±nca aÅŸÄ±rÄ± bir plastik yanÄ±k kokusu var cihazda. 
Koku geÃ§sin diye 2gÃ¼ndÃ¼r birkaÃ§ kez boÅŸ Ã§alÄ±ÅŸtÄ±rdÄ±m. Halen devam ediyor. BÃ¶yle giderse iade edeceÄŸim Ã§Ã¼nkÃ¼ koku yemeklerin tadÄ±nÄ± etkileyecek kadar aÄŸÄ±r. Yan komÅŸum biÅŸeymi yanÄ±yor diye gelip sordu.",1,HBC00005BTNPV,RobwellAS28 Airfryer Halojen IsÄ± Sistemli Sesli UyarÄ± Xl YaÄŸsÄ±z Hava FritÃ¶zÃ¼ Robx TÃ¼rkiye Garantili,https://www.hepsiburada.com/robwell-as28-airfryer-halojen-isi-sistemli-sesli-uyari-xl-yagsiz-hava-fritozu-robx-turkiye-garantili-pm-HBC00005BTNPV,Ã§alÄ±ÅŸÄ±nca aÅŸÄ±rÄ± plastik yanÄ±k kokusu var cihazda koku geÃ§sin diye gÃ¼ndÃ¼r birkaÃ§ kez boÅŸ Ã§alÄ±ÅŸtÄ±rdÄ±m halen devam ediyor bÃ¶yle giderse iade edeceÄŸim Ã§Ã¼nkÃ¼ koku yemeklerin tadÄ±nÄ± etkileyecek kadar aÄŸÄ±r yan komÅŸum biÅŸeymi yanÄ±yor diye gelip sordu,DoÄŸrudan Memnuniyetsizlik / Ä°ade,
"uzun araÅŸtÄ±rmalarÄ±m sonucu ve buradaki yorumlarÄ± da dikkate alarak sipariÅŸ verdim.paketleme ve teslimat iyi ve sorunsuzdu.ancak kullanmaya baÅŸlayÄ±nca yazÄ±lan bilgi ve yorumlarÄ±n eksik olduÄŸunu gÃ¶rdÃ¼m.ilk baÅŸta diÄŸer bazÄ± yorum yapanlar gibi ben de Ä±zgara demiri ve pizza altlÄ±ÄŸÄ± gibi ek aksesuarlarÄ±n olmadÄ±ÄŸÄ±nÄ± sÃ¶ylemekle baÅŸlayayÄ±m.dondurulmuÅŸ patates ve benzer yiyecekleri istediÄŸiniz kÄ±vamda deneyerek mÃ¼kemmel tad elde edebiliyorsunuz.ama etlere gelince (balÄ±k, tavuk ve kÄ±rmÄ±zÄ± et) maalesef istediÄŸiniz tadÄ± ve mÃ¼kemmelliÄŸi Ã§ok denemeler sonucu elde edebiliyorsunuz.bu arada bir Ã§ok defa etleri heba etmeniz gerekiyor.ALETÄ°N EN Ã–NEMLÄ° SORUNU bence, etleri piÅŸirirken ortamÄ±n duman iÃ§inde kalmasÄ±.oysa ben bu Ã¼rÃ¼nÃ¼ ortalÄ±k kokmasÄ±n, yaÄŸ, is, duman iÃ§inde kalmasÄ±n diye Ã¶zellikle tercih etmiÅŸtim.set Ã¼stÃ¼ aspiratÃ¶rÃ¼ en hÄ±zlÄ±da kullanmamÄ±za raÄŸmen mutfak yoÄŸun beyaz duman iÃ§inde kaldÄ±ÄŸÄ± gibi koku da bir mÃ¼ddet maalesef ortamdan gitmiyor.hele balÄ±k ve kÄ±rmÄ±zÄ± etde aÃ§Ä±k Ä±zgara tavada yaÅŸanan ortamla birebir aynÄ±.yaÄŸsÄ±z denemelerimizde bile yoÄŸun duman yaÅŸanÄ±yor.burada tek sevindirici olay ortalÄ±kta sÄ±Ã§rayan yaÄŸÄ±n olmamasÄ± ve ortamÄ±n yaÄŸa bulanmamasÄ±.et Ã¼rÃ¼nlerini yapan diÄŸer yorumcular bu konuda bir ÅŸey yazmamÄ±ÅŸ nedense.aÃ§Ä±klayÄ±cÄ± kitaptaki sÃ¼reler bazen uzun bazen kÄ±sa gelebiliyor.bunu herkes deneyerek kendi zevk ve damak tadÄ±na gÃ¶re belirlemeli diye dÃ¼ÅŸÃ¼nÃ¼yorum.Ã¶rneÄŸin dondurulmuÅŸ hazÄ±r patateste biz 20-25 dk da istediÄŸimiz sonucu elde ettik.etlerde ise etin tÃ¼rÃ¼ne ve kalÄ±nlÄ±ÄŸÄ±na gÃ¶re 20 dk. veya 30 dk. sÃ¼rÃ¼yor.dediÄŸim gibi herkes bunu test etmeli.bu arada sÃ¼reyi az tutup kÄ±vam istediÄŸiniz gibi deÄŸilse ilaveten ek sÃ¼re ile istediÄŸiniz kÄ±vama getirilebileceÄŸini unutmamak gerekir.yoksa baÅŸtan 30 dk. deyip sonunda kurumuÅŸ veya aÅŸÄ±rÄ± piÅŸmiÅŸ etle karÅŸÄ±laÅŸabilirsiniz.sonuÃ§ta yoÄŸun duman olayÄ±nÄ± dert etmeyecekseniz Ã¼rÃ¼n mÃ¼kemmel.ama duman takÄ±ntÄ±sÄ± olanlara tavsiye etmiyorum.bu yoÄŸun dumanla ilgili tavsiyesi olan var ve yazarsa memnun oluruz.",3,HB00000DGBRG,PhilipsAvance Collection HD9650/90 XXL Airfryer 7.3 Lt Tek Hazneli YaÄŸsÄ±z PiÅŸirme ve Otomatik Kapanma Ã–zellikli FritÃ¶z,https://www.hepsiburada.com/philips-avance-collection-hd9650-90-xxl-airfryer-7-3-lt-tek-hazneli-yagsiz-pisirme-ve-otomatik-kapanma-ozellikli-fritoz-pm-HB00000DGBRG,uzun araÅŸtÄ±rmalarÄ±m sonucu buradaki yorumlarÄ± dikkate alarak sipariÅŸ verdim paketleme teslimat iyi sorunsuzdu ancak kullanmaya baÅŸlayÄ±nca yazÄ±lan bilgi yorumlarÄ±n eksik olduÄŸunu gÃ¶rdÃ¼m ilk baÅŸta diÄŸer bazÄ± yorum yapanlar Ä±zgara demiri pizza altlÄ±ÄŸÄ± ek aksesuarlarÄ±n olmadÄ±ÄŸÄ±nÄ± sÃ¶ylemekle baÅŸlayayÄ±m dondurulmuÅŸ patates benzer yiyecekleri istediÄŸiniz kÄ±vamda deneyerek mÃ¼kemmel tad elde edebiliyorsunuz ama etlere gelince balÄ±k tavuk kÄ±rmÄ±zÄ± et maalesef istediÄŸiniz tadÄ± mÃ¼kemmelliÄŸi Ã§ok denemeler sonucu elde edebiliyorsunuz arada Ã§ok defa etleri heba etmeniz gerekiyor aletin Ã¶nemli sorunu bence etleri piÅŸirirken ortamÄ±n duman iÃ§inde kalmasÄ± oysa Ã¼rÃ¼nÃ¼ ortalÄ±k kokmasÄ±n yaÄŸ is duman iÃ§inde kalmasÄ±n diye Ã¶zellikle tercih etmiÅŸtim set Ã¼stÃ¼ aspiratÃ¶rÃ¼ hÄ±zlÄ±da kullanmamÄ±za raÄŸmen mutfak yoÄŸun beyaz duman iÃ§inde kaldÄ±ÄŸÄ± koku mÃ¼ddet maalesef ortamdan gitmiyor hele balÄ±k kÄ±rmÄ±zÄ± etde aÃ§Ä±k Ä±zgara tavada yaÅŸanan ortamla birebir aynÄ± yaÄŸsÄ±z denemelerimizde bile yoÄŸun duman yaÅŸanÄ±yor burada tek sevindirici olay ortalÄ±kta sÄ±Ã§rayan yaÄŸÄ±n olmamasÄ± ortamÄ±n yaÄŸa bulanmamasÄ± et Ã¼rÃ¼nlerini yapan diÄŸer yorumcular konuda ÅŸey yazmamÄ±ÅŸ nedense aÃ§Ä±klayÄ±cÄ± kitaptaki sÃ¼reler bazen uzun bazen kÄ±sa gelebiliyor bunu herkes deneyerek kendi zevk damak tadÄ±na gÃ¶re belirlemeli diye dÃ¼ÅŸÃ¼nÃ¼yorum Ã¶rneÄŸin dondurulmuÅŸ hazÄ±r patateste dk istediÄŸimiz sonucu elde ettik etlerde etin tÃ¼rÃ¼ne kalÄ±nlÄ±ÄŸÄ±na gÃ¶re dk veya dk sÃ¼rÃ¼yor dediÄŸim herkes bunu test etmeli arada sÃ¼reyi az tutup kÄ±vam istediÄŸiniz deÄŸilse ilaveten ek sÃ¼re istediÄŸiniz kÄ±vama getirilebileceÄŸini unutmamak gerekir yoksa baÅŸtan dk deyip sonunda kurumuÅŸ veya aÅŸÄ±rÄ± piÅŸmiÅŸ etle karÅŸÄ±laÅŸabilirsiniz sonuÃ§ta yoÄŸun duman olayÄ±nÄ± dert etmeyecekseniz Ã¼rÃ¼n mÃ¼kemmel ama duman takÄ±ntÄ±sÄ± olanlara tavsiye etmiyorum yoÄŸun dumanla ilgili tavsiyesi olan var yazarsa memnun oluruz,Hizmet/Paketleme Åikayeti | DoÄŸrudan Memnuniyetsizlik / Ä°ade,
ArkadaÅŸlar selamlar ben aldÄ±ÄŸÄ±m her Ã¼rÃ¼nÃ¼ bir arkadaÅŸÄ±mda deneyimlemeden almam yaptÄ±ÄŸÄ±m tek hata bu oldu milletin anlata anlata bitiremediÄŸi iÃ§in galeyana gelip aldÄ±m Philips kalitesine diyecek sÃ¶zÃ¼m hiÃ§ yok 5 yÄ±ldÄ±zÄ± bu yÃ¼zden verdim bakÄ±n evinizde fÄ±rÄ±n varsa fritÃ¶z varsa ya Ã§Ã¶pe atacak paranÄ±z var ya da gÃ¶steriÅŸ seviyorsunuz bu Ã¼rÃ¼n bu kadar neden abartÄ±ldÄ± inanamÄ±yorum fÄ±rÄ±nÄ±n yarÄ±m saatte yaptÄ±ÄŸÄ± ÅŸeyi aklÄ±nca erken mi yapÄ±yor asla ayrÄ±ca duman sorunu var diyende olmuÅŸ yok diyende bu yok diyen arkadaÅŸlar ya siz nasÄ±l bir yerde yaÅŸÄ±yorsunuz da o Ã§Ä±kan dumanÄ± gÃ¶rmÃ¼yorsunuz bir et kÃ¶fte yaptÄ±m mutfak samanyolu dizisine dÃ¶ndÃ¼ elinde asa ile dede Ã§Ä±ktÄ± mutfaktan gÃ¶zÃ¼nÃ¼zÃ¼ seveyim nasÄ±l duman yok ayrÄ±ca patates eÄŸer hazÄ±r deÄŸilse hiÃ§ bir iÅŸe yaramÄ±yor hayatÄ±mda bÃ¶yle kÃ¶tÃ¼ patates piÅŸirmemiÅŸtim kullanmadan yorum yazmak istemedim inanÄ±n deneme iÃ§in kullanmamÄ±ÅŸ olsaydÄ±m hemen iade ederdim ama maalesef elime kaldÄ± tek tesellim kÄ±zÄ±m Ã¼niversite kazanÄ±rsa veririm iÅŸine yarar diye Ã¼mit ediyorum uzun lafÄ±n kÄ±sasÄ± gerÃ§ekten Ã§ok boÅŸ iÅŸ eÄŸer aÄŸÄ±r iÅŸi sevmiyor iÅŸim hemen olsun diyorsanÄ±z asla almamanÄ±zÄ± tavsiye ederim ama derseniz ki evde tekim fÄ±rÄ±nÄ±m yok fritÃ¶zÃ¼m yok o zaman baÅŸka alÄ±n hemen kÃ¼Ã§Ã¼k porsiyon koy piÅŸir et kÃ¶fte hamburger gÃ¼zel oldu fÄ±rÄ±nÄ±n kÃ¼Ã§Ã¼ltÃ¼lmÃ¼ÅŸ hali inanÄ±n ki baÅŸka hiÃ§ bir Ã¶zelliÄŸi yok yaÄŸsÄ±z patates yaparÄ±m Ã§ocuklar saÄŸlÄ±klÄ± yer dedim ama dediÄŸim gibi eÄŸer hazÄ±r patates deÄŸilse yazÄ±k beyaz eÅŸyalarÄ±mÄ± bir fiil kullanan biriyim ama buna verdiÄŸim paraya Ã§ok acÄ±dÄ±m yemin ederim ayrÄ±ca aparatlarÄ± o kadar bÃ¼yÃ¼k ki bulaÅŸÄ±k makinasÄ±na koyunca baÅŸka hiÃ§ bir ÅŸey koyamÄ±yorsunuz mecburen elde yÄ±kama yapacaksÄ±nÄ±z fÄ±rÄ±nÄ± sildiÄŸiniz gibi her yemekten sonra iÃ§ini dÄ±ÅŸÄ±nÄ± silerseniz tertemiz olur Ä±zgara denildiÄŸi gibi aÅŸÄ±rÄ± kirli deÄŸil ama ben daha 2 kere kullandÄ±m tabii buda gÃ¶z Ã¶nÃ¼nde bulundurulmalÄ± ben kendimce yorumladÄ±m umarÄ±m faydasÄ± olmuÅŸtur almak istiyorsanÄ±z 2-3 kere iyice dÃ¼ÅŸÃ¼nÃ¼n derimğŸ™,5,HB00000DGBRG,PhilipsAvance Collection HD9650/90 XXL Airfryer 7.3 Lt Tek Hazneli YaÄŸsÄ±z PiÅŸirme ve Otomatik Kapanma Ã–zellikli FritÃ¶z,https://www.hepsiburada.com/philips-avance-collection-hd9650-90-xxl-airfryer-7-3-lt-tek-hazneli-yagsiz-pisirme-ve-otomatik-kapanma-ozellikli-fritoz-pm-HB00000DGBRG,arkadaÅŸlar selamlar aldÄ±ÄŸÄ±m her Ã¼rÃ¼nÃ¼ arkadaÅŸÄ±mda deneyimlemeden almam yaptÄ±ÄŸÄ±m tek hata oldu milletin anlata anlata bitiremediÄŸi galeyana gelip aldÄ±m philips kalitesine diyecek sÃ¶zÃ¼m hiÃ§ yok yÄ±ldÄ±zÄ± yÃ¼zden verdim bakÄ±n evinizde fÄ±rÄ±n varsa fritÃ¶z varsa ya Ã§Ã¶pe atacak paranÄ±z var ya gÃ¶steriÅŸ seviyorsunuz Ã¼rÃ¼n kadar neden abartÄ±ldÄ± inanamÄ±yorum fÄ±rÄ±nÄ±n yarÄ±m saatte yaptÄ±ÄŸÄ± ÅŸeyi aklÄ±nca erken yapÄ±yor asla ayrÄ±ca duman sorunu var diyende olmuÅŸ yok diyende yok diyen arkadaÅŸlar ya nasÄ±l yerde yaÅŸÄ±yorsunuz Ã§Ä±kan dumanÄ± gÃ¶rmÃ¼yorsunuz et kÃ¶fte yaptÄ±m mutfak samanyolu dizisine dÃ¶ndÃ¼ elinde asa dede Ã§Ä±ktÄ± mutfaktan gÃ¶zÃ¼nÃ¼zÃ¼ seveyim nasÄ±l duman yok ayrÄ±ca patates eÄŸer hazÄ±r deÄŸilse hiÃ§ iÅŸe yaramÄ±yor hayatÄ±mda bÃ¶yle kÃ¶tÃ¼ patates piÅŸirmemiÅŸtim kullanmadan yorum yazmak istemedim inanÄ±n deneme kullanmamÄ±ÅŸ olsaydÄ±m hemen iade ederdim ama maalesef elime kaldÄ± tek tesellim kÄ±zÄ±m Ã¼niversite kazanÄ±rsa veririm iÅŸine yarar diye Ã¼mit ediyorum uzun lafÄ±n kÄ±sasÄ± gerÃ§ekten Ã§ok boÅŸ iÅŸ eÄŸer aÄŸÄ±r iÅŸi sevmiyor iÅŸim hemen olsun diyorsanÄ±z asla almamanÄ±zÄ± tavsiye ederim ama derseniz evde tekim fÄ±rÄ±nÄ±m yok fritÃ¶zÃ¼m yok zaman baÅŸka alÄ±n hemen kÃ¼Ã§Ã¼k porsiyon koy piÅŸir et kÃ¶fte hamburger gÃ¼zel oldu fÄ±rÄ±nÄ±n kÃ¼Ã§Ã¼ltÃ¼lmÃ¼ÅŸ hali inanÄ±n baÅŸka hiÃ§ Ã¶zelliÄŸi yok yaÄŸsÄ±z patates yaparÄ±m Ã§ocuklar saÄŸlÄ±klÄ± yer dedim ama dediÄŸim eÄŸer hazÄ±r patates deÄŸilse yazÄ±k beyaz eÅŸyalarÄ±mÄ± fiil kullanan biriyim ama buna verdiÄŸim paraya Ã§ok acÄ±dÄ±m yemin ederim ayrÄ±ca aparatlarÄ± kadar bÃ¼yÃ¼k bulaÅŸÄ±k makinasÄ±na koyunca baÅŸka hiÃ§ ÅŸey koyamÄ±yorsunuz mecburen elde yÄ±kama yapacaksÄ±nÄ±z fÄ±rÄ±nÄ± sildiÄŸiniz her yemekten sonra iÃ§ini dÄ±ÅŸÄ±nÄ± silerseniz tertemiz olur Ä±zgara denildiÄŸi aÅŸÄ±rÄ± kirli deÄŸil ama daha kere kullandÄ±m tabii buda gÃ¶z Ã¶nÃ¼nde bulundurulmalÄ± kendimce yorumladÄ±m umarÄ±m faydasÄ± olmuÅŸtur almak istiyorsanÄ±z kere iyice dÃ¼ÅŸÃ¼nÃ¼n derim,DoÄŸrudan Memnuniyetsizlik / Ä°ade,
BeÄŸenmedim. Ä°ade rttim. Hazne ile tel ayrÄ±lmÄ±yor. Sulu yemek iÃ§in ideal deÄŸil haznesi kÃ¼Ã§Ã¼k.,5,HB00000DGBRG,PhilipsAvance Collection HD9650/90 XXL Airfryer 7.3 Lt Tek Hazneli YaÄŸsÄ±z PiÅŸirme ve Otomatik Kapanma Ã–zellikli FritÃ¶z,https://www.hepsiburada.com/philips-avance-collection-hd9650-90-xxl-airfryer-7-3-lt-tek-hazneli-yagsiz-pisirme-ve-otomatik-kapanma-ozellikli-fritoz-pm-HB00000DGBRG,beÄŸenmedim iade rttim hazne tel ayrÄ±lmÄ±yor sulu yemek ideal deÄŸil haznesi kÃ¼Ã§Ã¼k,DoÄŸrudan Memnuniyetsizlik / Ä°ade,
ÃœrÃ¼nÃ¼ bana gÃ¶nderen satÄ±cÄ± daha Ã¶nce aÃ§Ä±lmÄ±ÅŸ kutuyu geliÅŸi gÃ¼zel streÃ§e sararak yollamÄ±ÅŸ.ÃœrÃ¼nÃ¼n Ã¼stÃ¼nde etiketi yoktu ayrÄ±ca Ã¼rÃ¼nÃ¼de geliÅŸi gÃ¼zel streÃ§e sarmÄ±ÅŸlar.AÃ§Ä±lmÄ±ÅŸ Ã¼zerinde etileti olmayan Ã¼rÃ¼nÃ¼ yollayÄ±p iade sÃ¼recinde son ana kadar bekleten firma.ÃœrÃ¼nÃ¼ iade ettim daha Ã¶nce hiÃ§ bÃ¶yle biÅŸey yaÅŸamamÄ±ÅŸtÄ±m gÃ¼ven kÄ±rÄ±cÄ± oldu.,5,HB00000DGBRG,PhilipsAvance Collection HD9650/90 XXL Airfryer 7.3 Lt Tek Hazneli YaÄŸsÄ±z PiÅŸirme ve Otomatik Kapanma Ã–zellikli FritÃ¶z,https://www.hepsiburada.com/philips-avance-collection-hd9650-90-xxl-airfryer-7-3-lt-tek-hazneli-yagsiz-pisirme-ve-otomatik-kapanma-ozellikli-fritoz-pm-HB00000DGBRG,Ã¼rÃ¼nÃ¼ bana gÃ¶nderen satÄ±cÄ± daha Ã¶nce aÃ§Ä±lmÄ±ÅŸ kutuyu geliÅŸi gÃ¼zel streÃ§e sararak yollamÄ±ÅŸ Ã¼rÃ¼nÃ¼n Ã¼stÃ¼nde etiketi yoktu ayrÄ±ca Ã¼rÃ¼nÃ¼de geliÅŸi gÃ¼zel streÃ§e sarmÄ±ÅŸlar aÃ§Ä±lmÄ±ÅŸ Ã¼zerinde etileti olmayan Ã¼rÃ¼nÃ¼ yollayÄ±p iade sÃ¼recinde son ana kadar bekleten firma Ã¼rÃ¼nÃ¼ iade ettim daha Ã¶nce hiÃ§ bÃ¶yle biÅŸey yaÅŸamamÄ±ÅŸtÄ±m gÃ¼ven kÄ±rÄ±cÄ± oldu,Hizmet/SatÄ±cÄ± Memnuniyeti | DoÄŸrudan Memnuniyetsizlik / Ä°ade,[DAHA Ã–NCE]: Ã¼rÃ¼nÃ¼ bana gÃ¶nderen satÄ±cÄ± daha Ã¶nce aÃ§Ä±lmÄ±ÅŸ kutuyu geliÅŸi gÃ¼zel streÃ§e
"Ä°yi ki almÄ±ÅŸÄ±m, fiyatÄ±nÄ± hakediyor. ÃœrÃ¼nÃ¼n fiyatÄ± 1500lerdeyken almadÄ±m, 6bine Ã§Ä±kÄ±nca da inat ettim almayacaÄŸÄ±m diye ama oÄŸlumu bu sene okulda yemekhaneye yazdÄ±rmadÄ±ÄŸÄ±m iÃ§in sabahlarÄ± pratik bir piÅŸirme aracÄ± ÅŸart oldu. AlmÄ±ÅŸken iyisini alayÄ±m dedim. Ä°yi ki almÄ±ÅŸÄ±m.
Herkes kÃ¶fte patates tavuk yazmÄ±ÅŸ zaten. Ben farklÄ± bir deneyim anlatayÄ±m, balÄ±k ve kalamar kÄ±zarttÄ±m. HazÄ±r kalamar deÄŸil, balÄ±kÃ§Ä±dan alÄ±nmÄ±ÅŸ kalamarÄ± sosladÄ±m, una bulayÄ±p Ã¼stÃ¼ne yaÄŸ gezdirip telde piÅŸirdim, harika oldu. KÄ±zartma iÃ§in 1 lt yaÄŸ harcÄ±yorduk, hem daha az maliyetli, hem daha az kokuyor hem de Ã§ok daha hÄ±zlÄ±. Genel olarak saÄŸlÄ±klÄ± beslenen insanlarÄ±z, kÄ±zartmalarÄ± genelde fÄ±rÄ±nda yaparÄ±z ama zeytinyaÄŸÄ±nÄ± bol kullanmayÄ± severiz. AÅŸÄ±rÄ± yaÄŸlÄ±, vÄ±cÄ±k vÄ±cÄ±k yemekleri sevenleri tatmin etmemiÅŸ olabilir.
TemizliÄŸi beni Ã§ok yormadÄ±, fÄ±rÄ±n temizlemek, kÄ±zartma tenceresi temizlemek daha zor, atÄ±k yaÄŸlarÄ± biriktir dÃ¶nÃ¼ÅŸtÃ¼r vs daha yorucu. Biz Ã¼rÃ¼ne bayÄ±ldÄ±k. UmarÄ±m uzun yÄ±llar aÄŸÄ±z tadÄ±yla kullanÄ±rÄ±z.",5,HB00000DGBRG,PhilipsAvance Collection HD9650/90 XXL Airfryer 7.3 Lt Tek Hazneli YaÄŸsÄ±z PiÅŸirme ve Otomatik Kapanma Ã–zellikli FritÃ¶z,https://www.hepsiburada.com/philips-avance-collection-hd9650-90-xxl-airfryer-7-3-lt-tek-hazneli-yagsiz-pisirme-ve-otomatik-kapanma-ozellikli-fritoz-pm-HB00000DGBRG,iyi almÄ±ÅŸÄ±m fiyatÄ±nÄ± hakediyor Ã¼rÃ¼nÃ¼n fiyatÄ± lerdeyken almadÄ±m bine Ã§Ä±kÄ±nca inat ettim almayacaÄŸÄ±m diye ama oÄŸlumu sene okulda yemekhaneye yazdÄ±rmadÄ±ÄŸÄ±m sabahlarÄ± pratik piÅŸirme aracÄ± ÅŸart oldu almÄ±ÅŸken iyisini alayÄ±m dedim iyi almÄ±ÅŸÄ±m herkes kÃ¶fte patates tavuk yazmÄ±ÅŸ zaten farklÄ± deneyim anlatayÄ±m balÄ±k kalamar kÄ±zarttÄ±m hazÄ±r kalamar deÄŸil balÄ±kÃ§Ä±dan alÄ±nmÄ±ÅŸ kalamarÄ± sosladÄ±m una bulayÄ±p Ã¼stÃ¼ne yaÄŸ gezdirip telde piÅŸirdim harika oldu kÄ±zartma lt yaÄŸ harcÄ±yorduk hem daha az maliyetli hem daha az kokuyor hem Ã§ok daha hÄ±zlÄ± genel olarak saÄŸlÄ±klÄ± beslenen insanlarÄ±z kÄ±zartmalarÄ± genelde fÄ±rÄ±nda yaparÄ±z ama zeytinyaÄŸÄ±nÄ± bol kullanmayÄ± severiz aÅŸÄ±rÄ± yaÄŸlÄ± vÄ±cÄ±k vÄ±cÄ±k yemekleri sevenleri tatmin etmemiÅŸ olabilir temizliÄŸi beni Ã§ok yormadÄ± fÄ±rÄ±n temizlemek kÄ±zartma tenceresi temizlemek daha zor atÄ±k yaÄŸlarÄ± biriktir dÃ¶nÃ¼ÅŸtÃ¼r vs daha yorucu Ã¼rÃ¼ne bayÄ±ldÄ±k umarÄ±m uzun yÄ±llar aÄŸÄ±z tadÄ±yla kullanÄ±rÄ±z,DoÄŸrudan Memnuniyetsizlik / Ä°ade,
Urunden siddetli bozuk fan sesi geldigi icin iade ettim,2,HB00000DGBRG,PhilipsAvance Collection HD9650/90 XXL Airfryer 7.3 Lt Tek Hazneli YaÄŸsÄ±z PiÅŸirme ve Otomatik Kapanma Ã–zellikli FritÃ¶z,https://www.hepsiburada.com/philips-avance-collection-hd9650-90-xxl-airfryer-7-3-lt-tek-hazneli-yagsiz-pisirme-ve-otomatik-kapanma-ozellikli-fritoz-pm-HB00000DGBRG,urunden siddetli bozuk fan sesi geldigi icin iade ettim,DoÄŸrudan Memnuniyetsizlik / Ä°ade,
Kutu sanki suya batÄ±rÄ±lmÄ±ÅŸ gibi tamamen hasarlÄ±ydÄ± ve iÃ§indeki Ã¼rÃ¼n sanki Ä±slak ve Ã¶nceden aÃ§Ä±lmÄ±ÅŸ gibi naylona sarÄ±lmamÄ±ÅŸtÄ± ve tozla doluydu ve hiÃ§bir korumasÄ± yoktu. Bu satÄ±cÄ±dan alÄ±ÅŸveriÅŸ yapmanÄ±zÄ± kimseye tavsiye etmiyorum.,1,HB00000DGBRG,PhilipsAvance Collection HD9650/90 XXL Airfryer 7.3 Lt Tek Hazneli YaÄŸsÄ±z PiÅŸirme ve Otomatik Kapanma Ã–zellikli FritÃ¶z,https://www.hepsiburada.com/philips-avance-collection-hd9650-90-xxl-airfryer-7-3-lt-tek-hazneli-yagsiz-pisirme-ve-otomatik-kapanma-ozellikli-fritoz-pm-HB00000DGBRG,kutu sanki suya batÄ±rÄ±lmÄ±ÅŸ tamamen hasarlÄ±ydÄ± iÃ§indeki Ã¼rÃ¼n sanki Ä±slak Ã¶nceden aÃ§Ä±lmÄ±ÅŸ naylona sarÄ±lmamÄ±ÅŸtÄ± tozla doluydu hiÃ§bir korumasÄ± yoktu satÄ±cÄ±dan alÄ±ÅŸveriÅŸ yapmanÄ±zÄ± kimseye tavsiye etmiyorum,Hizmet/Paketleme Åikayeti | DoÄŸrudan Memnuniyetsizlik / Ä°ade,
TÃ¼m samimiyetimle sÃ¶ylÃ¼yorum Ã¼rÃ¼n hiÃ§bir ÅŸekilde temizlenmiyor aklÄ±nÄ±za gelebilecek temizlik malzemelerinin tamamÄ±nÄ± kullanmamÄ±za raÄŸmen bir tÃ¼rlÃ¼ kalÄ±ntÄ±larÄ± Ã§Ä±karamadÄ±k. Bu Ã¼rÃ¼nÃ¼  hiÃ§ kimseye tavsiye etmiyorum kesinlikle almayÄ±n. YaklaÅŸÄ±k 1 yÄ±l kullandÄ±m sonra kaldÄ±rdÄ±m.,1,HB00000DGBRG,PhilipsAvance Collection HD9650/90 XXL Airfryer 7.3 Lt Tek Hazneli YaÄŸsÄ±z PiÅŸirme ve Otomatik Kapanma Ã–zellikli FritÃ¶z,https://www.hepsiburada.com/philips-avance-collection-hd9650-90-xxl-airfryer-7-3-lt-tek-hazneli-yagsiz-pisirme-ve-otomatik-kapanma-ozellikli-fritoz-pm-HB00000DGBRG,tÃ¼m samimiyetimle sÃ¶ylÃ¼yorum Ã¼rÃ¼n hiÃ§bir ÅŸekilde temizlenmiyor aklÄ±nÄ±za gelebilecek temizlik malzemelerinin tamamÄ±nÄ± kullanmamÄ±za raÄŸmen tÃ¼rlÃ¼ kalÄ±ntÄ±larÄ± Ã§Ä±karamadÄ±k Ã¼rÃ¼nÃ¼ hiÃ§ kimseye tavsiye etmiyorum kesinlikle almayÄ±n yaklaÅŸÄ±k yÄ±l kullandÄ±m sonra kaldÄ±rdÄ±m,DoÄŸrudan Memnuniyetsizlik / Ä°ade,
"ÃœrÃ¼n kalabalÄ±k aileler iÃ§in mÃ¼kemmel, Ã¶zellikle yemek yapmaya vakti olmayan, hÄ±zlÄ± ve pratik yemek tercih edenler iÃ§in bulunmaz bir nimet. Tavuk, patates, ÅŸitinzel vb. Her tÃ¼rlÃ¼ Ã¼rÃ¼nÃ¼ hÄ±zlÄ± ve kÄ±vamda piÅŸirmek mÃ¼nkÃ¼n. HiÃ§ yaÄŸ kullanmasanÄ±z bile yapÄ±ÅŸma olmuyor. Ama yaÄŸlÄ± sevenler varsa size tavsiyem Ã§ok az yaÄŸ bÄ±rakÄ±n ve iyice karÄ±ÅŸtÄ±rÄ±p bÄ±rakÄ±n. TemizliÄŸinde gayet patik hafta veya kullanÄ±ma baÄŸlÄ± ayda bir bulaÅŸÄ±k makinesine atabilir ve temizlemek istediÄŸiniz zaman deterjan bile gerektirneyecek ÅŸekilde SÄ±caknsuyla rahat bir ÅŸekilde temizleyebilirsiniz. HiÃ§bir ÅŸekilde sÃ¼ngerin sert tarsfÄ±nÄ± ve tel ile temizlemenizi tavsiye etmem. Aksi halde Ã§izersiniz. ÃœrÃ¼n parasÄ±nÄ±n her kuruÅŸuna deÄŸiyor.",5,HB00000DGBRG,PhilipsAvance Collection HD9650/90 XXL Airfryer 7.3 Lt Tek Hazneli YaÄŸsÄ±z PiÅŸirme ve Otomatik Kapanma Ã–zellikli FritÃ¶z,https://www.hepsiburada.com/philips-avance-collection-hd9650-90-xxl-airfryer-7-3-lt-tek-hazneli-yagsiz-pisirme-ve-otomatik-kapanma-ozellikli-fritoz-pm-HB00000DGBRG,Ã¼rÃ¼n kalabalÄ±k aileler mÃ¼kemmel Ã¶zellikle yemek yapmaya vakti olmayan hÄ±zlÄ± pratik yemek tercih edenler bulunmaz nimet tavuk patates ÅŸitinzel vb her tÃ¼rlÃ¼ Ã¼rÃ¼nÃ¼ hÄ±zlÄ± kÄ±vamda piÅŸirmek mÃ¼nkÃ¼n hiÃ§ yaÄŸ kullanmasanÄ±z bile yapÄ±ÅŸma olmuyor ama yaÄŸlÄ± sevenler varsa size tavsiyem Ã§ok az yaÄŸ bÄ±rakÄ±n iyice karÄ±ÅŸtÄ±rÄ±p bÄ±rakÄ±n temizliÄŸinde gayet patik hafta veya kullanÄ±ma baÄŸlÄ± ayda bulaÅŸÄ±k makinesine atabilir temizlemek istediÄŸiniz zaman deterjan bile gerektirneyecek ÅŸekilde sÄ±caknsuyla rahat ÅŸekilde temizleyebilirsiniz hiÃ§bir ÅŸekilde sÃ¼ngerin sert tarsfÄ±nÄ± tel temizlemenizi tavsiye etmem aksi halde Ã§izersiniz Ã¼rÃ¼n parasÄ±nÄ±n her kuruÅŸuna deÄŸiyor,DoÄŸrudan Memnuniyetsizlik / Ä°ade,
ÃœrÃ¼n kalitesini begenmedim iyade ettim bana kullanÄ±lmÄ±ÅŸ diyerek  iyadem Red edildi hepsi buradayÄ± aradÄ±m biÅŸey yapamÄ±yoruz diyorlar Ã§ok saÃ§ma hepsi buradan bunu beklemezdim alÄ±p kendileri kontor etmeleri lazÄ±m ben kesinlikle Ã¼rÃ¼nÃ¼ kulanmadÄ±k tÃ¼ketici hakem heyetine baÅŸ vuracak ÅŸikayet varada bildirecek,1,HBC0000546FWY,XiaomiAkÄ±llÄ± YaÄŸsÄ±z FritÃ¶z 6.5 Litre Tek Hazne Enerji Tasarruflu HÄ±zlÄ± IsÄ±nma ve Ã‡Ä±karÄ±labilir Hazne,https://www.hepsiburada.com/xiaomi-akilli-yagsiz-fritoz-6-5-litre-tek-hazne-enerji-tasarruflu-hizli-isinma-ve-cikarilabilir-hazne-pm-HBC0000546FWY,Ã¼rÃ¼n kalitesini begenmedim iyade ettim bana kullanÄ±lmÄ±ÅŸ diyerek iyadem red edildi hepsi buradayÄ± aradÄ±m biÅŸey yapamÄ±yoruz diyorlar Ã§ok saÃ§ma hepsi buradan bunu beklemezdim alÄ±p kendileri kontor etmeleri lazÄ±m kesinlikle Ã¼rÃ¼nÃ¼ kulanmadÄ±k tÃ¼ketici hakem heyetine baÅŸ vuracak ÅŸikayet varada bildirecek,DoÄŸrudan Memnuniyetsizlik / Ä°ade,
"ÃœrÃ¼n Ã§alÄ±ÅŸÄ±yor  fakat piÅŸirme yapmadÄ±  iÃ§i buz gigi  satÄ±cÄ±ya msj attÄ±m cvp bile yazmadÄ±  
ÃœrÃ¼nÃ¼ iade ettim bekliyorum bklm",1,HBC0000546FWY,XiaomiAkÄ±llÄ± YaÄŸsÄ±z FritÃ¶z 6.5 Litre Tek Hazne Enerji Tasarruflu HÄ±zlÄ± IsÄ±nma ve Ã‡Ä±karÄ±labilir Hazne,https://www.hepsiburada.com/xiaomi-akilli-yagsiz-fritoz-6-5-litre-tek-hazne-enerji-tasarruflu-hizli-isinma-ve-cikarilabilir-hazne-pm-HBC0000546FWY,Ã¼rÃ¼n Ã§alÄ±ÅŸÄ±yor fakat piÅŸirme yapmadÄ± iÃ§i buz gigi satÄ±cÄ±ya msj attÄ±m cvp bile yazmadÄ± Ã¼rÃ¼nÃ¼ iade ettim bekliyorum bklm,Hizmet/Paketleme Åikayeti | DoÄŸrudan Memnuniyetsizlik / Ä°ade,
AldÄ±ÄŸÄ±mÄ±z Ã¼rÃ¼n arÄ±za yaptÄ±.garanti kapsamÄ±nda yaptÄ±ramadÄ±k Ã§Ã¼nkÃ¼ servisleri yok .bunu gÃ¶ze alan Ã¼rÃ¼nÃ¼ alsÄ±n.ben piÅŸmanÄ±m,1,Bilinmiyor,"RossCleanCook Fresh 5,5 Lt Dijital Airfryer FritÃ¶z",https://www.hepsiburada.com/rossclean-cook-fresh-5-5-lt-dijital-airfryer-fritoz-p-HBCV00003VZHCK?magaza=RossClean%20T%C3%BCrkiye,aldÄ±ÄŸÄ±mÄ±z Ã¼rÃ¼n arÄ±za yaptÄ± garanti kapsamÄ±nda yaptÄ±ramadÄ±k Ã§Ã¼nkÃ¼ servisleri yok bunu gÃ¶ze alan Ã¼rÃ¼nÃ¼ alsÄ±n piÅŸmanÄ±m,DoÄŸrudan Memnuniyetsizlik / Ä°ade,
ArkadaÅŸlar bu Ã¼rÃ¼n piÅŸmanliktir almayÄ±n aldÄ±rmayÄ±n sadece 1 ay kullanabildim yaklaÅŸÄ±k 1 aydirda vintek servisinde her yere ÅŸikayet ettim hepsi burada asla sattÄ±ÄŸÄ± Ã¼rÃ¼nÃ¼n arkasÄ±nda durmuyor servis ne derse o diyor yani 20 iÅŸ gununu doldurmuÅŸ olmasÄ±na raÄŸmen benim hiÃ§bir halkÄ±mÄ±n olmadigini sÃ¶ylÃ¼yorlar ÅŸimdi elimden gelen her ÅŸeyi yapacaÄŸÄ±m gidin malÄ±nÄ±zÄ± iyi markalardan alÄ±n ve daha iyi sitelerden alÄ±n en azÄ±ndan sorun yaÅŸadÄ±ÄŸÄ±nÄ±zda bir Ã§Ã¶zÃ¼me ulaÅŸÄ±r Hepsiburada uygulamasÄ±ndan alÄ±ÅŸveriÅŸ yapÄ±p bu markayÄ± tercih ettiÄŸim iÃ§inde Ã§ok piÅŸmanÄ±m.,1,Bilinmiyor,"RossCleanCook Fresh 5,5 Lt Dijital Airfryer FritÃ¶z",https://www.hepsiburada.com/rossclean-cook-fresh-5-5-lt-dijital-airfryer-fritoz-p-HBCV00003VZHCK?magaza=RossClean%20T%C3%BCrkiye,arkadaÅŸlar Ã¼rÃ¼n piÅŸmanliktir almayÄ±n aldÄ±rmayÄ±n sadece ay kullanabildim yaklaÅŸÄ±k aydirda vintek servisinde her yere ÅŸikayet ettim hepsi burada asla sattÄ±ÄŸÄ± Ã¼rÃ¼nÃ¼n arkasÄ±nda durmuyor servis ne derse diyor yani iÅŸ gununu doldurmuÅŸ olmasÄ±na raÄŸmen benim hiÃ§bir halkÄ±mÄ±n olmadigini sÃ¶ylÃ¼yorlar ÅŸimdi elimden gelen her ÅŸeyi yapacaÄŸÄ±m gidin malÄ±nÄ±zÄ± iyi markalardan alÄ±n daha iyi sitelerden alÄ±n azÄ±ndan sorun yaÅŸadÄ±ÄŸÄ±nÄ±zda Ã§Ã¶zÃ¼me ulaÅŸÄ±r hepsiburada uygulamasÄ±ndan alÄ±ÅŸveriÅŸ yapÄ±p markayÄ± tercih ettiÄŸim iÃ§inde Ã§ok piÅŸmanÄ±m,Negatif: Performans YetersizliÄŸi | DoÄŸrudan Memnuniyetsizlik / Ä°ade,[DAHA IYI]: gidin malÄ±nÄ±zÄ± iyi markalardan alÄ±n daha iyi sitelerden alÄ±n azÄ±ndan sorun yaÅŸadÄ±ÄŸÄ±nÄ±zda
Kalitesiz Ã¼rÃ¼n iÃ§ kÄ±smÄ±nÄ±n boyasÄ± gitti tavsiye etmiyorum,1,Bilinmiyor,"RossCleanCook Fresh 5,5 Lt Dijital Airfryer FritÃ¶z",https://www.hepsiburada.com/rossclean-cook-fresh-5-5-lt-dijital-airfryer-fritoz-p-HBCV00003VZHCK?magaza=RossClean%20T%C3%BCrkiye,kalitesiz Ã¼rÃ¼n iÃ§ kÄ±smÄ±nÄ±n boyasÄ± gitti tavsiye etmiyorum,DoÄŸrudan Memnuniyetsizlik / Ä°ade,
ÃœrÃ¼n gÃ¼zel firma iyi deÄŸildi. Ã‡izik ezik tozlu bir Ã¼rÃ¼n geldi iade ettim yenisini gÃ¶nderdiler. KeÅŸke baÅŸtan temiz olanÄ± gÃ¶nderseler diye.,4,Bilinmiyor,"RossCleanCook Active 5,5l Dijital Airfryer FritÃ¶z",https://www.hepsiburada.com/rossclean-cook-active-5-5l-dijital-airfryer-fritoz-p-HBCV00003VZI5H?magaza=RossClean%20T%C3%BCrkiye,Ã¼rÃ¼n gÃ¼zel firma iyi deÄŸildi Ã§izik ezik tozlu Ã¼rÃ¼n geldi iade ettim yenisini gÃ¶nderdiler keÅŸke baÅŸtan temiz olanÄ± gÃ¶nderseler diye,DoÄŸrudan Memnuniyetsizlik / Ä°ade,
ÃœrÃ¼n Ã¼st kapaÄŸÄ± Ã§izik ve cihazÄ±n her tarafÄ± toz iÃ§indeydi .iade ettim .firmanÄ±n cevabÄ±nÄ± bekliyorum .cevabÄ± burada paylaÅŸacaÄŸÄ±m .,1,Bilinmiyor,"RossCleanCook Active 5,5l Dijital Airfryer FritÃ¶z",https://www.hepsiburada.com/rossclean-cook-active-5-5l-dijital-airfryer-fritoz-p-HBCV00003VZI5H?magaza=RossClean%20T%C3%BCrkiye,Ã¼rÃ¼n Ã¼st kapaÄŸÄ± Ã§izik cihazÄ±n her tarafÄ± toz iÃ§indeydi iade ettim firmanÄ±n cevabÄ±nÄ± bekliyorum cevabÄ± burada paylaÅŸacaÄŸÄ±m,DoÄŸrudan Memnuniyetsizlik / Ä°ade,
Bu Ã¼rÃ¼nden Ã¶nce iki tane daha aldÄ±m birinde satÄ±cÄ± yanlÄ±ÅŸ Ã¼rÃ¼n gÃ¶nderdi geri iade ettik ikincisinde Philips aldÄ±m asla tavsiye etmiyorum dumanlar Ã§Ä±kÄ±yordu makinadan geri iade ettik Ã¼Ã§Ã¼ncÃ¼sÃ¼ bu iyi ki almÄ±ÅŸÄ±m Ã§ok memnunum yemek yapmayÄ± sevmeyen birisi olarak yemek yapmayÄ± sever oldum alÄ±n aldÄ±rrÄ±n hanÄ±mlar. Resimde haznesi yok Ã§Ã¼nkÃ¼ bulaÅŸÄ±k makinasÄ±nda,5,HBC00005CPWOD,XiaomiAir Fryer 4 Litre Beyaz Pro AkÄ±llÄ± FritÃ¶z,https://www.hepsiburada.com/xiaomi-air-fryer-4-litre-beyaz-pro-akilli-fritoz-pm-HBC00005CPWOD,Ã¼rÃ¼nden Ã¶nce iki tane daha aldÄ±m birinde satÄ±cÄ± yanlÄ±ÅŸ Ã¼rÃ¼n gÃ¶nderdi geri iade ettik ikincisinde philips aldÄ±m asla tavsiye etmiyorum dumanlar Ã§Ä±kÄ±yordu makinadan geri iade ettik Ã¼Ã§Ã¼ncÃ¼sÃ¼ iyi almÄ±ÅŸÄ±m Ã§ok memnunum yemek yapmayÄ± sevmeyen birisi olarak yemek yapmayÄ± sever oldum alÄ±n aldÄ±rrÄ±n hanÄ±mlar resimde haznesi yok Ã§Ã¼nkÃ¼ bulaÅŸÄ±k makinasÄ±nda,Hizmet/SatÄ±cÄ± Memnuniyeti | DoÄŸrudan Memnuniyetsizlik / Ä°ade,
KullanÄ±lmÄ±ÅŸ Ã¼rÃ¼n geldi kesinlikle tavsiye etmiyorum iade baÅŸlattÄ±m,1,HBC00005CPWOD,XiaomiAir Fryer 4 Litre Beyaz Pro AkÄ±llÄ± FritÃ¶z,https://www.hepsiburada.com/xiaomi-air-fryer-4-litre-beyaz-pro-akilli-fritoz-pm-HBC00005CPWOD,kullanÄ±lmÄ±ÅŸ Ã¼rÃ¼n geldi kesinlikle tavsiye etmiyorum iade baÅŸlattÄ±m,DoÄŸrudan Memnuniyetsizlik / Ä°ade,
ÃœstÃ¼ piÅŸiyor altÄ± piÅŸmiyor tavsiye etmiyorum,1,HBC00005CPWOD,XiaomiAir Fryer 4 Litre Beyaz Pro AkÄ±llÄ± FritÃ¶z,https://www.hepsiburada.com/xiaomi-air-fryer-4-litre-beyaz-pro-akilli-fritoz-pm-HBC00005CPWOD,Ã¼stÃ¼ piÅŸiyor altÄ± piÅŸmiyor tavsiye etmiyorum,DoÄŸrudan Memnuniyetsizlik / Ä°ade,
"SatÄ±cÄ±yÄ± kesinlikle Ã¶nermiyorum. Uzak durun. Gelen kargonun paketlenmesinin kÃ¶tÃ¼lÃ¼ÄŸÃ¼ anlatacaklarÄ±mÄ±n yanÄ±nda hafif kalÄ±r. Zaten Ã¼rÃ¼nÃ¼n korunmasÄ±na yÃ¶nelik hiÃ§ bir Ã§aba bile sarfetmemiÅŸler. Hadi paketlemeyi geÃ§tim. ÃœrÃ¼nÃ¼ Ã§Ä±kardÄ±m dÄ±ÅŸÄ±nda hafif lekeler vardÄ± dedim heralde tozdur, iÃ§ine bakayÄ±m. Haznesinde resmen Ã§izikler vardÄ±. IzgarasÄ±nda da vardÄ± dedim acaba teÅŸirmi yolladÄ±. Sonra dedim iÃ§ine bakayÄ±m. Alt Ä±zgarasÄ±nda lekeler vardÄ±. Birde Ã¼st Ä±zgarasÄ±na bakayÄ±m dedim ne gÃ¶reyim resmen yaÄŸ lekeleri vardÄ±. BÃ¼yÃ¼k ihtimalle kullanÄ±lmÄ±ÅŸ Ã¼rÃ¼n gÃ¶ndermiÅŸler. Yada paslÄ±ydÄ± bilemiyorum. Ama yaÄŸ yapÄ±ÅŸmÄ±ÅŸ gibiydi. Bare temizleyip yollasaydÄ±nÄ±z. Resimleri yorumlara attÄ±m zaten. Eksik parÃ§asÄ±nÄ± sÃ¶ylemiyorum bile. Size bir yÄ±ldÄ±z bile fazla. Paketleme Ã¶zenli deÄŸildi ÃœrÃ¼n hasarlÄ± gÃ¶nderildi ÃœrÃ¼n anlatÄ±ldÄ±ÄŸÄ± gibi deÄŸildi ÃœrÃ¼n eksik gÃ¶nderildi",5,HBC000040CBJY,"PhilipsHD9285/96 5000 Serisi Airfryer XXL Connected, 7,2 l (1,4 kg), Rapid Air Teknolojisi, PiÅŸirme ve Izgara AksesuarlarÄ±,",https://www.hepsiburada.com/philips-hd9285-96-5000-serisi-airfryer-xxl-connected-7-2-l-1-4-kg-rapid-air-teknolojisi-pisirme-ve-izgara-aksesuarlari-pm-HBC000040CBJY,satÄ±cÄ±yÄ± kesinlikle Ã¶nermiyorum uzak durun gelen kargonun paketlenmesinin kÃ¶tÃ¼lÃ¼ÄŸÃ¼ anlatacaklarÄ±mÄ±n yanÄ±nda hafif kalÄ±r zaten Ã¼rÃ¼nÃ¼n korunmasÄ±na yÃ¶nelik hiÃ§ Ã§aba bile sarfetmemiÅŸler hadi paketlemeyi geÃ§tim Ã¼rÃ¼nÃ¼ Ã§Ä±kardÄ±m dÄ±ÅŸÄ±nda hafif lekeler vardÄ± dedim heralde tozdur iÃ§ine bakayÄ±m haznesinde resmen Ã§izikler vardÄ± Ä±zgarasÄ±nda vardÄ± dedim acaba teÅŸirmi yolladÄ± sonra dedim iÃ§ine bakayÄ±m alt Ä±zgarasÄ±nda lekeler vardÄ± birde Ã¼st Ä±zgarasÄ±na bakayÄ±m dedim ne gÃ¶reyim resmen yaÄŸ lekeleri vardÄ± bÃ¼yÃ¼k ihtimalle kullanÄ±lmÄ±ÅŸ Ã¼rÃ¼n gÃ¶ndermiÅŸler yada paslÄ±ydÄ± bilemiyorum ama yaÄŸ yapÄ±ÅŸmÄ±ÅŸ gibiydi bare temizleyip yollasaydÄ±nÄ±z resimleri yorumlara attÄ±m zaten eksik parÃ§asÄ±nÄ± sÃ¶ylemiyorum bile size yÄ±ldÄ±z bile fazla paketleme Ã¶zenli deÄŸildi Ã¼rÃ¼n hasarlÄ± gÃ¶nderildi Ã¼rÃ¼n anlatÄ±ldÄ±ÄŸÄ± deÄŸildi Ã¼rÃ¼n eksik gÃ¶nderildi,Hizmet/SatÄ±cÄ± Memnuniyeti | DoÄŸrudan Memnuniyetsizlik / Ä°ade,
HenÃ¼z kullanmadÄ±m bugÃ¼n teslim aldÄ±m iade edip etmemekte tereddÃ¼tlÃ¼yam ekrandaki philips yazÄ±sÄ± silinmiÅŸ ve ekranda Ã§izik gibi leke var paketlemesi gÃ¼zeldi ama kullanÄ±lÄ±p denenmiÅŸ Ã¼rÃ¼n olabilir,3,HBC000040CBJY,"PhilipsHD9285/96 5000 Serisi Airfryer XXL Connected, 7,2 l (1,4 kg), Rapid Air Teknolojisi, PiÅŸirme ve Izgara AksesuarlarÄ±,",https://www.hepsiburada.com/philips-hd9285-96-5000-serisi-airfryer-xxl-connected-7-2-l-1-4-kg-rapid-air-teknolojisi-pisirme-ve-izgara-aksesuarlari-pm-HBC000040CBJY,henÃ¼z kullanmadÄ±m bugÃ¼n teslim aldÄ±m iade edip etmemekte tereddÃ¼tlÃ¼yam ekrandaki philips yazÄ±sÄ± silinmiÅŸ ekranda Ã§izik leke var paketlemesi gÃ¼zeldi ama kullanÄ±lÄ±p denenmiÅŸ Ã¼rÃ¼n olabilir,Hizmet/Paketleme Åikayeti | DoÄŸrudan Memnuniyetsizlik / Ä°ade,
"ÃœrÃ¼nÃ¼ bayaÄŸÄ± bir araÅŸtÄ±rdÄ±m bunu almaya karar verdim daha Ã¶nce MÄ° KullanÄ±yordum bozulduÄŸu iÃ§in bunu almaya karar verdim. Miâ€™ye gÃ¶re oldukÃ§a bÃ¼yÃ¼k Miâ€™yi kullanmak daha pratikti bu yÃ¼zden. 
Fakat aldÄ±ÄŸÄ±m Ã¼rÃ¼n daha Ã¶nce aÃ§Ä±lmÄ±ÅŸ Ã§ok tozlu ve Ã§izikler var ayrÄ±ca bir parÃ§asÄ± kÄ±rÄ±k iÃ§indeki bir kÃ¼Ã§Ã¼k parÃ§a, ayaklarÄ±ndan bir tanesindeki pabuÃ§ yok, satÄ±cÄ± ile iletiÅŸime geÃ§tim tavrÄ± ve yaklaÅŸÄ±mÄ± hoÅŸ deÄŸil yardÄ±mcÄ± olmaya Ã§alÄ±ÅŸmÄ±yorlar Ã¼rÃ¼nÃ¼n sÄ±fÄ±r kutulu olduÄŸunu iddia etseler de Ã¼rÃ¼n daha Ã¶nce aÃ§Ä±lmÄ±ÅŸ bir Ã¼rÃ¼n teÅŸhir olduÄŸunu dÃ¼ÅŸÃ¼nÃ¼yorum. 
Ä°ade etmeyeceÄŸim bu ÅŸekilde kullanacaÄŸÄ±m fakat bu satÄ±cÄ±dan almanÄ±zÄ± tavsiye etmiyorum.",1,HBC000040CBJY,"PhilipsHD9285/96 5000 Serisi Airfryer XXL Connected, 7,2 l (1,4 kg), Rapid Air Teknolojisi, PiÅŸirme ve Izgara AksesuarlarÄ±,",https://www.hepsiburada.com/philips-hd9285-96-5000-serisi-airfryer-xxl-connected-7-2-l-1-4-kg-rapid-air-teknolojisi-pisirme-ve-izgara-aksesuarlari-pm-HBC000040CBJY,Ã¼rÃ¼nÃ¼ bayaÄŸÄ± araÅŸtÄ±rdÄ±m bunu almaya karar verdim daha Ã¶nce kullanÄ±yordum bozulduÄŸu bunu almaya karar verdim ye gÃ¶re oldukÃ§a bÃ¼yÃ¼k yi kullanmak daha pratikti yÃ¼zden fakat aldÄ±ÄŸÄ±m Ã¼rÃ¼n daha Ã¶nce aÃ§Ä±lmÄ±ÅŸ Ã§ok tozlu Ã§izikler var ayrÄ±ca parÃ§asÄ± kÄ±rÄ±k iÃ§indeki kÃ¼Ã§Ã¼k parÃ§a ayaklarÄ±ndan tanesindeki pabuÃ§ yok satÄ±cÄ± iletiÅŸime geÃ§tim tavrÄ± yaklaÅŸÄ±mÄ± hoÅŸ deÄŸil yardÄ±mcÄ± olmaya Ã§alÄ±ÅŸmÄ±yorlar Ã¼rÃ¼nÃ¼n sÄ±fÄ±r kutulu olduÄŸunu iddia etseler Ã¼rÃ¼n daha Ã¶nce aÃ§Ä±lmÄ±ÅŸ Ã¼rÃ¼n teÅŸhir olduÄŸunu dÃ¼ÅŸÃ¼nÃ¼yorum iade etmeyeceÄŸim ÅŸekilde kullanacaÄŸÄ±m fakat satÄ±cÄ±dan almanÄ±zÄ± tavsiye etmiyorum,Hizmet/Paketleme Åikayeti | DoÄŸrudan Memnuniyetsizlik / Ä°ade,[DAHA Ã–NCE]: araÅŸtÄ±rdÄ±m bunu almaya karar verdim daha Ã¶nce kullanÄ±yordum bozulduÄŸu bunu almaya karar
ÃœrÃ¼n ya teÅŸhir Ã¼rÃ¼nÃ¼ ya defolu ya da daha Ã¶nce iade edilmiÅŸ bir Ã¼rÃ¼n. MarkasÄ± silik Ã§Ä±kmÄ±ÅŸ. IÅŸÄ±klÄ± ekranda koruma poÅŸeti yoktu. Paketleme dediÄŸimiz ÅŸey normal kutusuyla gÃ¶nderilmiÅŸ. HenÃ¼z kullanmadÄ±m ama ilk izlenimlerimden dolayÄ± bir soÄŸudum. SatÄ±cÄ±yÄ± beÄŸenmedim,1,HBC000040CBJY,"PhilipsHD9285/96 5000 Serisi Airfryer XXL Connected, 7,2 l (1,4 kg), Rapid Air Teknolojisi, PiÅŸirme ve Izgara AksesuarlarÄ±,",https://www.hepsiburada.com/philips-hd9285-96-5000-serisi-airfryer-xxl-connected-7-2-l-1-4-kg-rapid-air-teknolojisi-pisirme-ve-izgara-aksesuarlari-pm-HBC000040CBJY,Ã¼rÃ¼n ya teÅŸhir Ã¼rÃ¼nÃ¼ ya defolu ya daha Ã¶nce iade edilmiÅŸ Ã¼rÃ¼n markasÄ± silik Ã§Ä±kmÄ±ÅŸ Ä±ÅŸÄ±klÄ± ekranda koruma poÅŸeti yoktu paketleme dediÄŸimiz ÅŸey normal kutusuyla gÃ¶nderilmiÅŸ henÃ¼z kullanmadÄ±m ama ilk izlenimlerimden dolayÄ± soÄŸudum satÄ±cÄ±yÄ± beÄŸenmedim,Hizmet/Paketleme Åikayeti | DoÄŸrudan Memnuniyetsizlik / Ä°ade,[DAHA Ã–NCE]: teÅŸhir Ã¼rÃ¼nÃ¼ ya defolu ya daha Ã¶nce iade edilmiÅŸ Ã¼rÃ¼n markasÄ± silik
ÃœrÃ¼nÃ¼ 11 KasÄ±m'da kampanya ile 4182 TL ye aldÄ±m ancak Ã¼rÃ¼nde hata olduÄŸu gerekÃ§esi ile deÄŸiÅŸim talep ettim ve talebim onaylandÄ±. Ancak sorunlar o zaman baÅŸladÄ±. ÃœrÃ¼n stokta yok diyerek iadesini talep etmemi Ã¶nerdiler. ÃœrÃ¼nÃ¼n satÄ±ÅŸ stoÄŸunda olduÄŸunu gÃ¶rdÃ¼ÄŸÃ¼m iÃ§in deÄŸiÅŸim istediÄŸimi tekrar beyan ettim. Ben defalarca arayÄ±p gÃ¶nderilmesini talep etmeme raÄŸmen benim iade etmemi istediler Ã§Ã¼nkÃ¼ yenisi ile aradaki fiyat farkÄ± Ã§ok yÃ¼ksekti. En sonunda baÅŸka mercilere ÅŸikayet ederek Ã¼rÃ¼nÃ¼n gÃ¶nderilmesini saÄŸladÄ±lar ve 15 AralÄ±k tarihinde teslim edildi. Sonuca ÅŸikayet ederek varmak benim iÃ§in Ã¼zÃ¼cÃ¼ oldu Ã§Ã¼nkÃ¼ yÄ±llarca alÄ±ÅŸveriÅŸ yaptÄ±ÄŸÄ±m bir platform burasÄ±. BazÄ± kiÅŸilerin sorumsuzluklarÄ± yÃ¼zÃ¼nden bizler problem yaÅŸÄ±yoruz veya maÄŸdur oluyoruz. ÃœrÃ¼ne gelecek olursak iÅŸini gayet iyi yapan bir Ã¼rÃ¼n. Ä°lk baÅŸta alÄ±ÅŸmak zor oldu. Bir iki kez yemeÄŸi yaktÄ±k ama sonrasÄ± gayet baÅŸarÄ±lÄ±. AlÄ±nabilir bir Ã¼rÃ¼n,5,HBC000040CBJY,"PhilipsHD9285/96 5000 Serisi Airfryer XXL Connected, 7,2 l (1,4 kg), Rapid Air Teknolojisi, PiÅŸirme ve Izgara AksesuarlarÄ±,",https://www.hepsiburada.com/philips-hd9285-96-5000-serisi-airfryer-xxl-connected-7-2-l-1-4-kg-rapid-air-teknolojisi-pisirme-ve-izgara-aksesuarlari-pm-HBC000040CBJY,Ã¼rÃ¼nÃ¼ kasÄ±m kampanya tl ye aldÄ±m ancak Ã¼rÃ¼nde hata olduÄŸu gerekÃ§esi deÄŸiÅŸim talep ettim talebim onaylandÄ± ancak sorunlar zaman baÅŸladÄ± Ã¼rÃ¼n stokta yok diyerek iadesini talep etmemi Ã¶nerdiler Ã¼rÃ¼nÃ¼n satÄ±ÅŸ stoÄŸunda olduÄŸunu gÃ¶rdÃ¼ÄŸÃ¼m deÄŸiÅŸim istediÄŸimi tekrar beyan ettim defalarca arayÄ±p gÃ¶nderilmesini talep etmeme raÄŸmen benim iade etmemi istediler Ã§Ã¼nkÃ¼ yenisi aradaki fiyat farkÄ± Ã§ok yÃ¼ksekti sonunda baÅŸka mercilere ÅŸikayet ederek Ã¼rÃ¼nÃ¼n gÃ¶nderilmesini saÄŸladÄ±lar aralÄ±k tarihinde teslim edildi sonuca ÅŸikayet ederek varmak benim Ã¼zÃ¼cÃ¼ oldu Ã§Ã¼nkÃ¼ yÄ±llarca alÄ±ÅŸveriÅŸ yaptÄ±ÄŸÄ±m platform burasÄ± bazÄ± kiÅŸilerin sorumsuzluklarÄ± yÃ¼zÃ¼nden bizler problem yaÅŸÄ±yoruz veya maÄŸdur oluyoruz Ã¼rÃ¼ne gelecek olursak iÅŸini gayet iyi yapan Ã¼rÃ¼n ilk baÅŸta alÄ±ÅŸmak zor oldu iki kez yemeÄŸi yaktÄ±k ama sonrasÄ± gayet baÅŸarÄ±lÄ± alÄ±nabilir Ã¼rÃ¼n,DoÄŸrudan Memnuniyetsizlik / Ä°ade,
MÃ¼kemmel bir alet gerÃ§ekten geldiÄŸinden beri sadece airfryerla yemek yapÄ±yorum:) bu zamana kadar direnip almadÄ±ÄŸÄ±ma piÅŸmanÄ±m,5,HBC000040CBJY,"PhilipsHD9285/96 5000 Serisi Airfryer XXL Connected, 7,2 l (1,4 kg), Rapid Air Teknolojisi, PiÅŸirme ve Izgara AksesuarlarÄ±,",https://www.hepsiburada.com/philips-hd9285-96-5000-serisi-airfryer-xxl-connected-7-2-l-1-4-kg-rapid-air-teknolojisi-pisirme-ve-izgara-aksesuarlari-pm-HBC000040CBJY,mÃ¼kemmel alet gerÃ§ekten geldiÄŸinden beri sadece airfryerla yemek yapÄ±yorum zamana kadar direnip almadÄ±ÄŸÄ±ma piÅŸmanÄ±m,DoÄŸrudan Memnuniyetsizlik / Ä°ade,
"ArkadaÅŸlar aÃ§Ä±kcasÄ± bu Ã¼rÃ¼nÃ¼ aldÄ±ÄŸÄ±ma piÅŸmanÄ±m. Evet gÃ¼zel piÅŸiriyo, kullanÄ±mÄ± kolay, homeID var, haznesi bÃ¼yÃ¼k falan ama acaayip buhar veriyo cihaz saÄŸ tarafÄ±ndan. Yan tarafta biÅŸey varsa Ä±slatÄ±yo kendinden resmen damlalar akÄ±yo Ã§ok ilginÃ§ bi durum. MeÄŸeraem herkeste bÃ¶yle biÅŸey varmÄ±ÅŸ, kronik sorunu tam olarak bu. Yok sÄ±kÄ±ntÄ± deÄŸil diyosanÄ±z her aÃ§Ä±dan iyi. Ama ÅŸuanki aklÄ±m olsa farklÄ± bi marka bakardÄ±m, aÃ§Ä±kcasÄ± rahatsÄ±z oldum.",3,HBC000040CBJY,"PhilipsHD9285/96 5000 Serisi Airfryer XXL Connected, 7,2 l (1,4 kg), Rapid Air Teknolojisi, PiÅŸirme ve Izgara AksesuarlarÄ±,",https://www.hepsiburada.com/philips-hd9285-96-5000-serisi-airfryer-xxl-connected-7-2-l-1-4-kg-rapid-air-teknolojisi-pisirme-ve-izgara-aksesuarlari-pm-HBC000040CBJY,arkadaÅŸlar aÃ§Ä±kcasÄ± Ã¼rÃ¼nÃ¼ aldÄ±ÄŸÄ±ma piÅŸmanÄ±m evet gÃ¼zel piÅŸiriyo kullanÄ±mÄ± kolay homeÄ±d var haznesi bÃ¼yÃ¼k falan ama acaayip buhar veriyo cihaz saÄŸ tarafÄ±ndan yan tarafta biÅŸey varsa Ä±slatÄ±yo kendinden resmen damlalar akÄ±yo Ã§ok ilginÃ§ bi durum meÄŸeraem herkeste bÃ¶yle biÅŸey varmÄ±ÅŸ kronik sorunu tam olarak yok sÄ±kÄ±ntÄ± deÄŸil diyosanÄ±z her aÃ§Ä±dan iyi ama ÅŸuanki aklÄ±m olsa farklÄ± bi marka bakardÄ±m aÃ§Ä±kcasÄ± rahatsÄ±z oldum,DoÄŸrudan Memnuniyetsizlik / Ä°ade,
ÃœrÃ¼nÃ¼n kapaÄŸÄ± kÄ±rÄ±k geldi. HenÃ¼z cihazÄ± test etmedim ama kullanilmis urun oldugu belli iade edecegim.,1,HBC000040CBJY,"PhilipsHD9285/96 5000 Serisi Airfryer XXL Connected, 7,2 l (1,4 kg), Rapid Air Teknolojisi, PiÅŸirme ve Izgara AksesuarlarÄ±,",https://www.hepsiburada.com/philips-hd9285-96-5000-serisi-airfryer-xxl-connected-7-2-l-1-4-kg-rapid-air-teknolojisi-pisirme-ve-izgara-aksesuarlari-pm-HBC000040CBJY,Ã¼rÃ¼nÃ¼n kapaÄŸÄ± kÄ±rÄ±k geldi henÃ¼z cihazÄ± test etmedim ama kullanilmis urun oldugu belli iade edecegim,DoÄŸrudan Memnuniyetsizlik / Ä°ade,
ÃœrÃ¼n gÃ¼zeldi 1.5 yÄ±l kullandÄ±m ama septindeki vida takÄ±lan plastik kÄ±sÄ±m eridi dÃ¼ÅŸtÃ¼ ve sepeti ÅŸu an tutmuyor. Uzun vadeli kullanÄ±rÄ±m sandÄ±m ama Altus hayal kÄ±rÄ±klÄ±ÄŸÄ± kesinlikle tavsiye etmiyorum. Ä°ade onarÄ±m vs de yapÄ±lmÄ±yor.,1,HBC00004U8VSF,AltusEcofryer Xl Al 2983 Af Airfryer,https://www.hepsiburada.com/altus-ecofryer-xl-al-2983-af-airfryer-pm-HBC00004U8VSF,Ã¼rÃ¼n gÃ¼zeldi yÄ±l kullandÄ±m ama septindeki vida takÄ±lan plastik kÄ±sÄ±m eridi dÃ¼ÅŸtÃ¼ sepeti an tutmuyor uzun vadeli kullanÄ±rÄ±m sandÄ±m ama altus hayal kÄ±rÄ±klÄ±ÄŸÄ± kesinlikle tavsiye etmiyorum iade onarÄ±m vs yapÄ±lmÄ±yor,DoÄŸrudan Memnuniyetsizlik / Ä°ade,
ÃœrÃ¼n toplamda 5 kez kullanÄ±ldÄ± fakat en ufak bir su temasÄ±nda paslanmaya baÅŸladÄ± iade edeceÄŸim tavsiye etmiyorum,1,HBC00007IL0ME,OnvoOVFRY13 8l Alt-Ãœst Ã‡ift RezistanslÄ± Seramik Kaplama Desenli Airfryer,https://www.hepsiburada.com/onvo-ovfry13-8l-alt-ust-cift-rezistansli-seramik-kaplama-desenli-airfryer-pm-HBC00007IL0ME,Ã¼rÃ¼n toplamda kez kullanÄ±ldÄ± fakat ufak su temasÄ±nda paslanmaya baÅŸladÄ± iade edeceÄŸim tavsiye etmiyorum,DoÄŸrudan Memnuniyetsizlik / Ä°ade,
Yorumun en Ã¼stte gÃ¶rÃ¼nsÃ¼n diye 5 yÄ±ldÄ±z verdim Ã¼rÃ¼n ilk elimize ulaÅŸtÄ± denemek iÃ§in Ã§alÄ±ÅŸtÄ±rdÄ±m titreme pervane sesi gibi bir ses vardÄ± satÄ±cÄ±ya mesaj attÄ±m direk Ã¼rÃ¼nÃ¼ denemeye devam ettiÄŸimde ortasÄ±ndaki lambalar kendi kendine Ã§Ä±ktÄ± arzumdan bu kadar kotu bir Ã¼rÃ¼n beklemezdim Ã§ok ilginÃ§ diÄŸer ev aleti Ã¼rÃ¼nlerinde kullanÄ±yorum iade ettim bakalÄ±m talebim deÄŸerlendiriliyor sesin videosu vs var gÃ¶rselde yÃ¼klÃ¼yorum,5,HBC00007P2WU4,"Karaca9 Litre Ekstra BÃ¼yÃ¼k Hacimli Airfryer, 8 KiÅŸilik Kapasite â€“ Aile ve KalabalÄ±k Sofralar Ä°Ã§in Ä°deal",https://www.hepsiburada.com/karaca-9-litre-ekstra-buyuk-hacimli-airfryer-8-kisilik-kapasite-aile-ve-kalabalik-sofralar-icin-ideal-pm-HBC00007P2WU4,yorumun Ã¼stte gÃ¶rÃ¼nsÃ¼n diye yÄ±ldÄ±z verdim Ã¼rÃ¼n ilk elimize ulaÅŸtÄ± denemek Ã§alÄ±ÅŸtÄ±rdÄ±m titreme pervane sesi ses vardÄ± satÄ±cÄ±ya mesaj attÄ±m direk Ã¼rÃ¼nÃ¼ denemeye devam ettiÄŸimde ortasÄ±ndaki lambalar kendi kendine Ã§Ä±ktÄ± arzumdan kadar kotu Ã¼rÃ¼n beklemezdim Ã§ok ilginÃ§ diÄŸer ev aleti Ã¼rÃ¼nlerinde kullanÄ±yorum iade ettim bakalÄ±m talebim deÄŸerlendiriliyor sesin videosu vs var gÃ¶rselde yÃ¼klÃ¼yorum,Hizmet/SatÄ±cÄ± Memnuniyeti | DoÄŸrudan Memnuniyetsizlik / Ä°ade,